,_id,recommended_products,__v,profile_preferences,userId,tags,all_unique_id
0,test_profile_id0,[],6,"{'gender': ['male'], 'age_category': ['under 12'], 'interest': ['outdoor and nature'], 'occasion': ['graduations'], 'relationship': ['child'], 'style': ['premium brands', 'bougie']}",test_user_id0,"['male', 'under 12', 'outdoor and nature', 'graduations', 'child', 'premium brands', 'bougie']",test_profile_id0
1,test_profile_id1,[],0,"{'gender': ['female'], 'age_category': ['25 - 45'], 'interest': ['food and cooking'], 'occasion': ['thank you gifts'], 'relationship': ['friend'], 'style': ['minimalistic']}",test_user_id1,"['female', '25 - 45', 'food and cooking', 'thank you gifts', 'friend', 'minimalistic']",test_profile_id1
2,test_profile_id2,[],0,"{'gender': ['male'], 'age_category': ['12 - 18'], 'interest': ['food and cooking', 'beauty and self-care'], 'occasion': ['appreciation'], 'relationship': ['child'], 'style': ['classic and timeless', 'chill']}",test_user_id2,"['male', '12 - 18', 'food and cooking', 'beauty and self-care', 'appreciation', 'child', 'classic and timeless', 'chill']",test_profile_id2
3,test_profile_id3,[],6,"{'gender': ['male'], 'age_category': ['18 - 25'], 'interest': ['arts and crafts', 'outdoor and nature'], 'occasion': ['promotions and achievements'], 'relationship': ['colleague'], 'style': ['classic and timeless', 'comfortable yet stylish', 'chill']}",test_user_id3,"['male', '18 - 25', 'arts and crafts', 'outdoor and nature', 'promotions and achievements', 'colleague', 'classic and timeless', 'comfortable yet stylish', 'chill']",test_profile_id3
4,test_profile_id4,[],2,"{'gender': ['male'], 'age_category': ['18 - 25'], 'interest': ['home and decor'], 'occasion': ['get well soon'], 'relationship': ['grand parent'], 'style': ['chill']}",test_user_id4,"['male', '18 - 25', 'home and decor', 'get well soon', 'grand parent', 'chill']",test_profile_id4
5,test_profile_id5,[],3,"{'gender': ['female'], 'age_category': ['12 - 18'], 'interest': ['tech and gadgets'], 'occasion': ['birthdays'], 'relationship': ['child'], 'style': ['minimalistic']}",test_user_id5,"['female', '12 - 18', 'tech and gadgets', 'birthdays', 'child', 'minimalistic']",test_profile_id5
6,test_profile_id6,[],7,"{'gender': ['female'], 'age_category': ['25 - 45'], 'interest': ['travel and adventure', 'fitness and wellness', 'arts and crafts'], 'occasion': ['thank you gifts'], 'relationship': ['parent'], 'style': ['classic and timeless', 'comfortable yet stylish', 'practical']}",test_user_id6,"['female', '25 - 45', 'travel and adventure', 'fitness and wellness', 'arts and crafts', 'thank you gifts', 'parent', 'classic and timeless', 'comfortable yet stylish', 'practical']",test_profile_id6
7,test_profile_id7,[],2,"{'gender': ['female'], 'age_category': ['45 - 65'], 'interest': ['fitness and wellness', 'travel and adventure'], 'occasion': ['anniversaries'], 'relationship': ['colleague'], 'style': ['chill', 'comfortable yet stylish', 'practical']}",test_user_id7,"['female', '45 - 65', 'fitness and wellness', 'travel and adventure', 'anniversaries', 'colleague', 'chill', 'comfortable yet stylish', 'practical']",test_profile_id7
8,test_profile_id8,[],6,"{'gender': ['female'], 'age_category': ['under 12'], 'interest': ['pets and animal lovers', 'books and learning', 'food and cooking'], 'occasion': ['housewarmings'], 'relationship': ['parent'], 'style': ['premium brands']}",test_user_id8,"['female', 'under 12', 'pets and animal lovers', 'books and learning', 'food and cooking', 'housewarmings', 'parent', 'premium brands']",test_profile_id8
9,test_profile_id9,[],2,"{'gender': ['male'], 'age_category': ['45 - 65'], 'interest': ['beauty and self-care', 'sports and hobbies'], 'occasion': ['anniversaries'], 'relationship': ['friend'], 'style': ['premium brands', 'minimalistic']}",test_user_id9,"['male', '45 - 65', 'beauty and self-care', 'sports and hobbies', 'anniversaries', 'friend', 'premium brands', 'minimalistic']",test_profile_id9
10,test_profile_id10,[],0,"{'gender': ['male'], 'age_category': ['65 +'], 'interest': ['music and entertainment', 'tech and gadgets'], 'occasion': ['get well soon'], 'relationship': ['girlfriend'], 'style': ['premium brands', 'classic and timeless']}",test_user_id10,"['male', '65 +', 'music and entertainment', 'tech and gadgets', 'get well soon', 'girlfriend', 'premium brands', 'classic and timeless']",test_profile_id10
11,test_profile_id11,[],8,"{'gender': ['female'], 'age_category': ['45 - 65'], 'interest': ['pets and animal lovers', 'social impact and charity', 'art and culture'], 'occasion': ['anniversaries'], 'relationship': ['girlfriend'], 'style': ['chill', 'classic and timeless', 'bougie']}",test_user_id11,"['female', '45 - 65', 'pets and animal lovers', 'social impact and charity', 'art and culture', 'anniversaries', 'girlfriend', 'chill', 'classic and timeless', 'bougie']",test_profile_id11
12,test_profile_id12,[],5,"{'gender': ['male'], 'age_category': ['under 12'], 'interest': ['food and cooking', 'social impact and charity'], 'occasion': ['holidays'], 'relationship': ['colleague'], 'style': ['comfortable yet stylish', 'bougie']}",test_user_id12,"['male', 'under 12', 'food and cooking', 'social impact and charity', 'holidays', 'colleague', 'comfortable yet stylish', 'bougie']",test_profile_id12
13,test_profile_id13,[],1,"{'gender': ['female'], 'age_category': ['65 +'], 'interest': ['fitness and wellness', 'fashion and accessories', 'books and learning'], 'occasion': ['thank you gifts'], 'relationship': ['child'], 'style': ['chill', 'bougie']}",test_user_id13,"['female', '65 +', 'fitness and wellness', 'fashion and accessories', 'books and learning', 'thank you gifts', 'child', 'chill', 'bougie']",test_profile_id13
14,test_profile_id14,[],1,"{'gender': ['male'], 'age_category': ['under 12'], 'interest': ['social impact and charity'], 'occasion': ['thank you gifts'], 'relationship': ['grand parent'], 'style': ['classic and timeless', 'bougie', 'chill']}",test_user_id14,"['male', 'under 12', 'social impact and charity', 'thank you gifts', 'grand parent', 'classic and timeless', 'bougie', 'chill']",test_profile_id14
15,test_profile_id15,[],9,"{'gender': ['male'], 'age_category': ['45 - 65'], 'interest': ['arts and crafts'], 'occasion': ['promotions and achievements'], 'relationship': ['girlfriend'], 'style': ['premium brands']}",test_user_id15,"['male', '45 - 65', 'arts and crafts', 'promotions and achievements', 'girlfriend', 'premium brands']",test_profile_id15
16,test_profile_id16,[],4,"{'gender': ['male'], 'age_category': ['25 - 45'], 'interest': ['food and cooking', 'pets and animal lovers', 'outdoor and nature'], 'occasion': ['apologies'], 'relationship': ['friend'], 'style': ['practical']}",test_user_id16,"['male', '25 - 45', 'food and cooking', 'pets and animal lovers', 'outdoor and nature', 'apologies', 'friend', 'practical']",test_profile_id16
17,test_profile_id17,[],1,"{'gender': ['male'], 'age_category': ['under 12'], 'interest': ['fitness and wellness', 'food and cooking'], 'occasion': ['holidays'], 'relationship': ['girlfriend'], 'style': ['classic and timeless', 'comfortable yet stylish']}",test_user_id17,"['male', 'under 12', 'fitness and wellness', 'food and cooking', 'holidays', 'girlfriend', 'classic and timeless', 'comfortable yet stylish']",test_profile_id17
18,test_profile_id18,[],1,"{'gender': ['male'], 'age_category': ['25 - 45'], 'interest': ['sports and hobbies', 'food and cooking'], 'occasion': ['promotions and achievements'], 'relationship': ['spouse or significant other'], 'style': ['premium brands', 'comfortable yet stylish', 'classic and timeless']}",test_user_id18,"['male', '25 - 45', 'sports and hobbies', 'food and cooking', 'promotions and achievements', 'spouse or significant other', 'premium brands', 'comfortable yet stylish', 'classic and timeless']",test_profile_id18
19,test_profile_id19,[],9,"{'gender': ['male'], 'age_category': ['65 +'], 'interest': ['music and entertainment'], 'occasion': ['graduations'], 'relationship': ['spouse or significant other'], 'style': ['practical', 'chill', 'premium brands']}",test_user_id19,"['male', '65 +', 'music and entertainment', 'graduations', 'spouse or significant other', 'practical', 'chill', 'premium brands']",test_profile_id19
20,test_profile_id20,[],7,"{'gender': ['female'], 'age_category': ['65 +'], 'interest': ['travel and adventure', 'pets and animal lovers'], 'occasion': ['holidays'], 'relationship': ['grand parent'], 'style': ['premium brands', 'practical']}",test_user_id20,"['female', '65 +', 'travel and adventure', 'pets and animal lovers', 'holidays', 'grand parent', 'premium brands', 'practical']",test_profile_id20
21,test_profile_id21,[],4,"{'gender': ['male'], 'age_category': ['25 - 45'], 'interest': ['pets and animal lovers'], 'occasion': [""valentine's day""], 'relationship': ['grand parent'], 'style': ['practical', 'minimalistic', 'chill']}",test_user_id21,"['male', '25 - 45', 'pets and animal lovers', ""valentine's day"", 'grand parent', 'practical', 'minimalistic', 'chill']",test_profile_id21
22,test_profile_id22,[],8,"{'gender': ['male'], 'age_category': ['12 - 18'], 'interest': ['pets and animal lovers'], 'occasion': ['promotions and achievements'], 'relationship': ['parent'], 'style': ['minimalistic', 'comfortable yet stylish']}",test_user_id22,"['male', '12 - 18', 'pets and animal lovers', 'promotions and achievements', 'parent', 'minimalistic', 'comfortable yet stylish']",test_profile_id22
23,test_profile_id23,[],5,"{'gender': ['male'], 'age_category': ['25 - 45'], 'interest': ['pets and animal lovers', 'home and decor'], 'occasion': [""valentine's day""], 'relationship': ['parent'], 'style': ['premium brands', 'minimalistic', 'practical']}",test_user_id23,"['male', '25 - 45', 'pets and animal lovers', 'home and decor', ""valentine's day"", 'parent', 'premium brands', 'minimalistic', 'practical']",test_profile_id23
24,test_profile_id24,[],0,"{'gender': ['female'], 'age_category': ['45 - 65'], 'interest': ['spirituality'], 'occasion': ['birthdays'], 'relationship': ['grand parent'], 'style': ['premium brands']}",test_user_id24,"['female', '45 - 65', 'spirituality', 'birthdays', 'grand parent', 'premium brands']",test_profile_id24
25,test_profile_id25,[],7,"{'gender': ['male'], 'age_category': ['12 - 18'], 'interest': ['food and cooking', 'beauty and self-care', 'outdoor and nature'], 'occasion': ['thank you gifts'], 'relationship': ['girlfriend'], 'style': ['practical']}",test_user_id25,"['male', '12 - 18', 'food and cooking', 'beauty and self-care', 'outdoor and nature', 'thank you gifts', 'girlfriend', 'practical']",test_profile_id25
26,test_profile_id26,[],3,"{'gender': ['female'], 'age_category': ['45 - 65'], 'interest': ['pets and animal lovers'], 'occasion': ['birthdays'], 'relationship': ['spouse or significant other'], 'style': ['minimalistic']}",test_user_id26,"['female', '45 - 65', 'pets and animal lovers', 'birthdays', 'spouse or significant other', 'minimalistic']",test_profile_id26
27,test_profile_id27,[],2,"{'gender': ['male'], 'age_category': ['12 - 18'], 'interest': ['books and learning', 'outdoor and nature'], 'occasion': ['promotions and achievements'], 'relationship': ['friend'], 'style': ['practical', 'bougie', 'minimalistic']}",test_user_id27,"['male', '12 - 18', 'books and learning', 'outdoor and nature', 'promotions and achievements', 'friend', 'practical', 'bougie', 'minimalistic']",test_profile_id27
28,test_profile_id28,[],2,"{'gender': ['male'], 'age_category': ['25 - 45'], 'interest': ['tech and gadgets', 'beauty and self-care', 'home and decor'], 'occasion': ['birthdays'], 'relationship': ['girlfriend'], 'style': ['premium brands', 'minimalistic']}",test_user_id28,"['male', '25 - 45', 'tech and gadgets', 'beauty and self-care', 'home and decor', 'birthdays', 'girlfriend', 'premium brands', 'minimalistic']",test_profile_id28
29,test_profile_id29,[],2,"{'gender': ['female'], 'age_category': ['65 +'], 'interest': ['home and decor', 'arts and crafts', 'fitness and wellness'], 'occasion': [""valentine's day""], 'relationship': ['girlfriend'], 'style': ['chill', 'minimalistic']}",test_user_id29,"['female', '65 +', 'home and decor', 'arts and crafts', 'fitness and wellness', ""valentine's day"", 'girlfriend', 'chill', 'minimalistic']",test_profile_id29
30,test_profile_id30,[],6,"{'gender': ['female'], 'age_category': ['12 - 18'], 'interest': ['travel and adventure', 'fitness and wellness'], 'occasion': ['apologies'], 'relationship': ['grand parent'], 'style': ['chill']}",test_user_id30,"['female', '12 - 18', 'travel and adventure', 'fitness and wellness', 'apologies', 'grand parent', 'chill']",test_profile_id30
31,test_profile_id31,[],0,"{'gender': ['female'], 'age_category': ['12 - 18'], 'interest': ['travel and adventure'], 'occasion': ['graduations'], 'relationship': ['friend'], 'style': ['practical', 'comfortable yet stylish', 'minimalistic']}",test_user_id31,"['female', '12 - 18', 'travel and adventure', 'graduations', 'friend', 'practical', 'comfortable yet stylish', 'minimalistic']",test_profile_id31
32,test_profile_id32,[],2,"{'gender': ['male'], 'age_category': ['45 - 65'], 'interest': ['music and entertainment'], 'occasion': ['apologies'], 'relationship': ['child'], 'style': ['comfortable yet stylish', 'premium brands']}",test_user_id32,"['male', '45 - 65', 'music and entertainment', 'apologies', 'child', 'comfortable yet stylish', 'premium brands']",test_profile_id32
33,test_profile_id33,[],5,"{'gender': ['male'], 'age_category': ['65 +'], 'interest': ['food and cooking', 'social impact and charity', 'spirituality'], 'occasion': ['housewarmings'], 'relationship': ['grand parent'], 'style': ['comfortable yet stylish', 'practical']}",test_user_id33,"['male', '65 +', 'food and cooking', 'social impact and charity', 'spirituality', 'housewarmings', 'grand parent', 'comfortable yet stylish', 'practical']",test_profile_id33
34,test_profile_id34,[],4,"{'gender': ['female'], 'age_category': ['45 - 65'], 'interest': ['outdoor and nature'], 'occasion': [""valentine's day""], 'relationship': ['colleague'], 'style': ['comfortable yet stylish', 'practical', 'chill']}",test_user_id34,"['female', '45 - 65', 'outdoor and nature', ""valentine's day"", 'colleague', 'comfortable yet stylish', 'practical', 'chill']",test_profile_id34
35,test_profile_id35,[],4,"{'gender': ['male'], 'age_category': ['45 - 65'], 'interest': ['pets and animal lovers'], 'occasion': ['get well soon'], 'relationship': ['friend'], 'style': ['classic and timeless']}",test_user_id35,"['male', '45 - 65', 'pets and animal lovers', 'get well soon', 'friend', 'classic and timeless']",test_profile_id35
36,test_profile_id36,[],3,"{'gender': ['female'], 'age_category': ['under 12'], 'interest': ['tech and gadgets'], 'occasion': ['anniversaries'], 'relationship': ['spouse or significant other'], 'style': ['classic and timeless', 'chill', 'premium brands']}",test_user_id36,"['female', 'under 12', 'tech and gadgets', 'anniversaries', 'spouse or significant other', 'classic and timeless', 'chill', 'premium brands']",test_profile_id36
37,test_profile_id37,[],4,"{'gender': ['male'], 'age_category': ['18 - 25'], 'interest': ['sports and hobbies'], 'occasion': ['promotions and achievements'], 'relationship': ['friend'], 'style': ['classic and timeless', 'premium brands', 'minimalistic']}",test_user_id37,"['male', '18 - 25', 'sports and hobbies', 'promotions and achievements', 'friend', 'classic and timeless', 'premium brands', 'minimalistic']",test_profile_id37
38,test_profile_id38,[],1,"{'gender': ['female'], 'age_category': ['18 - 25'], 'interest': ['books and learning', 'beauty and self-care'], 'occasion': ['newborns'], 'relationship': ['colleague'], 'style': ['premium brands']}",test_user_id38,"['female', '18 - 25', 'books and learning', 'beauty and self-care', 'newborns', 'colleague', 'premium brands']",test_profile_id38
39,test_profile_id39,[],4,"{'gender': ['female'], 'age_category': ['under 12'], 'interest': ['outdoor and nature', 'tech and gadgets', 'sports and hobbies'], 'occasion': ['birthdays'], 'relationship': ['colleague'], 'style': ['bougie', 'comfortable yet stylish', 'premium brands']}",test_user_id39,"['female', 'under 12', 'outdoor and nature', 'tech and gadgets', 'sports and hobbies', 'birthdays', 'colleague', 'bougie', 'comfortable yet stylish', 'premium brands']",test_profile_id39
40,test_profile_id40,[],0,"{'gender': ['female'], 'age_category': ['18 - 25'], 'interest': ['fitness and wellness', 'art and culture', 'beauty and self-care'], 'occasion': ['appreciation'], 'relationship': ['girlfriend'], 'style': ['practical', 'chill']}",test_user_id40,"['female', '18 - 25', 'fitness and wellness', 'art and culture', 'beauty and self-care', 'appreciation', 'girlfriend', 'practical', 'chill']",test_profile_id40
41,test_profile_id41,[],0,"{'gender': ['male'], 'age_category': ['25 - 45'], 'interest': ['home and decor'], 'occasion': ['thank you gifts'], 'relationship': ['colleague'], 'style': ['bougie', 'premium brands']}",test_user_id41,"['male', '25 - 45', 'home and decor', 'thank you gifts', 'colleague', 'bougie', 'premium brands']",test_profile_id41
42,test_profile_id42,[],2,"{'gender': ['female'], 'age_category': ['45 - 65'], 'interest': ['home and decor', 'sports and hobbies', 'arts and crafts'], 'occasion': ['housewarmings'], 'relationship': ['girlfriend'], 'style': ['practical', 'minimalistic']}",test_user_id42,"['female', '45 - 65', 'home and decor', 'sports and hobbies', 'arts and crafts', 'housewarmings', 'girlfriend', 'practical', 'minimalistic']",test_profile_id42
43,test_profile_id43,[],7,"{'gender': ['female'], 'age_category': ['12 - 18'], 'interest': ['tech and gadgets', 'outdoor and nature', 'travel and adventure'], 'occasion': ['apologies'], 'relationship': ['spouse or significant other'], 'style': ['classic and timeless', 'premium brands', 'practical']}",test_user_id43,"['female', '12 - 18', 'tech and gadgets', 'outdoor and nature', 'travel and adventure', 'apologies', 'spouse or significant other', 'classic and timeless', 'premium brands', 'practical']",test_profile_id43
44,test_profile_id44,[],0,"{'gender': ['female'], 'age_category': ['65 +'], 'interest': ['fitness and wellness', 'arts and crafts', 'tech and gadgets'], 'occasion': ['graduations'], 'relationship': ['parent'], 'style': ['practical', 'chill', 'comfortable yet stylish']}",test_user_id44,"['female', '65 +', 'fitness and wellness', 'arts and crafts', 'tech and gadgets', 'graduations', 'parent', 'practical', 'chill', 'comfortable yet stylish']",test_profile_id44
45,test_profile_id45,[],0,"{'gender': ['female'], 'age_category': ['45 - 65'], 'interest': ['sports and hobbies', 'social impact and charity', 'beauty and self-care'], 'occasion': ['retirements'], 'relationship': ['girlfriend'], 'style': ['practical']}",test_user_id45,"['female', '45 - 65', 'sports and hobbies', 'social impact and charity', 'beauty and self-care', 'retirements', 'girlfriend', 'practical']",test_profile_id45
46,test_profile_id46,[],5,"{'gender': ['male'], 'age_category': ['65 +'], 'interest': ['travel and adventure', 'home and decor', 'books and learning'], 'occasion': ['thank you gifts'], 'relationship': ['grand parent'], 'style': ['practical']}",test_user_id46,"['male', '65 +', 'travel and adventure', 'home and decor', 'books and learning', 'thank you gifts', 'grand parent', 'practical']",test_profile_id46
47,test_profile_id47,[],4,"{'gender': ['male'], 'age_category': ['25 - 45'], 'interest': ['spirituality', 'arts and crafts', 'music and entertainment'], 'occasion': ['retirements'], 'relationship': ['colleague'], 'style': ['premium brands']}",test_user_id47,"['male', '25 - 45', 'spirituality', 'arts and crafts', 'music and entertainment', 'retirements', 'colleague', 'premium brands']",test_profile_id47
48,test_profile_id48,[],2,"{'gender': ['male'], 'age_category': ['65 +'], 'interest': ['arts and crafts'], 'occasion': [""valentine's day""], 'relationship': ['colleague'], 'style': ['chill', 'bougie', 'classic and timeless']}",test_user_id48,"['male', '65 +', 'arts and crafts', ""valentine's day"", 'colleague', 'chill', 'bougie', 'classic and timeless']",test_profile_id48
49,test_profile_id49,[],2,"{'gender': ['male'], 'age_category': ['65 +'], 'interest': ['outdoor and nature'], 'occasion': ['weddings'], 'relationship': ['spouse or significant other'], 'style': ['premium brands']}",test_user_id49,"['male', '65 +', 'outdoor and nature', 'weddings', 'spouse or significant other', 'premium brands']",test_profile_id49
50,test_profile_id50,[],6,"{'gender': ['female'], 'age_category': ['65 +'], 'interest': ['arts and crafts'], 'occasion': ['appreciation'], 'relationship': ['child'], 'style': ['premium brands', 'comfortable yet stylish']}",test_user_id0,"['female', '65 +', 'arts and crafts', 'appreciation', 'child', 'premium brands', 'comfortable yet stylish']",test_profile_id50
51,test_profile_id51,[],1,"{'gender': ['female'], 'age_category': ['25 - 45'], 'interest': ['pets and animal lovers', 'home and decor', 'sports and hobbies'], 'occasion': ['anniversaries'], 'relationship': ['child'], 'style': ['comfortable yet stylish', 'practical']}",test_user_id1,"['female', '25 - 45', 'pets and animal lovers', 'home and decor', 'sports and hobbies', 'anniversaries', 'child', 'comfortable yet stylish', 'practical']",test_profile_id51
52,test_profile_id52,[],6,"{'gender': ['male'], 'age_category': ['65 +'], 'interest': ['outdoor and nature', 'beauty and self-care', 'social impact and charity'], 'occasion': ['get well soon'], 'relationship': ['grand parent'], 'style': ['practical']}",test_user_id2,"['male', '65 +', 'outdoor and nature', 'beauty and self-care', 'social impact and charity', 'get well soon', 'grand parent', 'practical']",test_profile_id52
53,test_profile_id53,[],8,"{'gender': ['male'], 'age_category': ['12 - 18'], 'interest': ['fitness and wellness'], 'occasion': [""valentine's day""], 'relationship': ['girlfriend'], 'style': ['classic and timeless', 'premium brands', 'practical']}",test_user_id3,"['male', '12 - 18', 'fitness and wellness', ""valentine's day"", 'girlfriend', 'classic and timeless', 'premium brands', 'practical']",test_profile_id53
54,test_profile_id54,[],2,"{'gender': ['male'], 'age_category': ['12 - 18'], 'interest': ['pets and animal lovers'], 'occasion': ['graduations'], 'relationship': ['child'], 'style': ['premium brands', 'minimalistic', 'comfortable yet stylish']}",test_user_id4,"['male', '12 - 18', 'pets and animal lovers', 'graduations', 'child', 'premium brands', 'minimalistic', 'comfortable yet stylish']",test_profile_id54
55,test_profile_id55,[],2,"{'gender': ['male'], 'age_category': ['65 +'], 'interest': ['fitness and wellness', 'spirituality'], 'occasion': ['newborns'], 'relationship': ['child'], 'style': ['premium brands']}",test_user_id5,"['male', '65 +', 'fitness and wellness', 'spirituality', 'newborns', 'child', 'premium brands']",test_profile_id55
56,test_profile_id56,[],4,"{'gender': ['male'], 'age_category': ['65 +'], 'interest': ['arts and crafts'], 'occasion': ['birthdays'], 'relationship': ['colleague'], 'style': ['minimalistic', 'classic and timeless', 'premium brands']}",test_user_id6,"['male', '65 +', 'arts and crafts', 'birthdays', 'colleague', 'minimalistic', 'classic and timeless', 'premium brands']",test_profile_id56
57,test_profile_id57,[],2,"{'gender': ['female'], 'age_category': ['18 - 25'], 'interest': ['outdoor and nature', 'sports and hobbies'], 'occasion': ['holidays'], 'relationship': ['grand parent'], 'style': ['premium brands']}",test_user_id7,"['female', '18 - 25', 'outdoor and nature', 'sports and hobbies', 'holidays', 'grand parent', 'premium brands']",test_profile_id57
58,test_profile_id58,[],8,"{'gender': ['male'], 'age_category': ['under 12'], 'interest': ['tech and gadgets', 'outdoor and nature'], 'occasion': ['graduations'], 'relationship': ['friend'], 'style': ['bougie']}",test_user_id8,"['male', 'under 12', 'tech and gadgets', 'outdoor and nature', 'graduations', 'friend', 'bougie']",test_profile_id58
59,test_profile_id59,[],4,"{'gender': ['male'], 'age_category': ['45 - 65'], 'interest': ['arts and crafts'], 'occasion': ['newborns'], 'relationship': ['child'], 'style': ['classic and timeless']}",test_user_id9,"['male', '45 - 65', 'arts and crafts', 'newborns', 'child', 'classic and timeless']",test_profile_id59
60,test_profile_id60,[],5,"{'gender': ['male'], 'age_category': ['under 12'], 'interest': ['arts and crafts', 'fashion and accessories', 'social impact and charity'], 'occasion': ['newborns'], 'relationship': ['girlfriend'], 'style': ['minimalistic', 'comfortable yet stylish']}",test_user_id10,"['male', 'under 12', 'arts and crafts', 'fashion and accessories', 'social impact and charity', 'newborns', 'girlfriend', 'minimalistic', 'comfortable yet stylish']",test_profile_id60
61,test_profile_id61,[],0,"{'gender': ['male'], 'age_category': ['under 12'], 'interest': ['fitness and wellness', 'outdoor and nature'], 'occasion': ['birthdays'], 'relationship': ['colleague'], 'style': ['premium brands', 'bougie']}",test_user_id11,"['male', 'under 12', 'fitness and wellness', 'outdoor and nature', 'birthdays', 'colleague', 'premium brands', 'bougie']",test_profile_id61
62,test_profile_id62,[],7,"{'gender': ['male'], 'age_category': ['18 - 25'], 'interest': ['beauty and self-care', 'arts and crafts'], 'occasion': ['housewarmings'], 'relationship': ['girlfriend'], 'style': ['minimalistic', 'practical']}",test_user_id12,"['male', '18 - 25', 'beauty and self-care', 'arts and crafts', 'housewarmings', 'girlfriend', 'minimalistic', 'practical']",test_profile_id62
63,test_profile_id63,[],6,"{'gender': ['female'], 'age_category': ['25 - 45'], 'interest': ['beauty and self-care', 'outdoor and nature'], 'occasion': ['get well soon'], 'relationship': ['girlfriend'], 'style': ['premium brands', 'practical']}",test_user_id13,"['female', '25 - 45', 'beauty and self-care', 'outdoor and nature', 'get well soon', 'girlfriend', 'premium brands', 'practical']",test_profile_id63
64,test_profile_id64,[],4,"{'gender': ['male'], 'age_category': ['65 +'], 'interest': ['tech and gadgets', 'outdoor and nature', 'arts and crafts'], 'occasion': ['retirements'], 'relationship': ['colleague'], 'style': ['bougie']}",test_user_id14,"['male', '65 +', 'tech and gadgets', 'outdoor and nature', 'arts and crafts', 'retirements', 'colleague', 'bougie']",test_profile_id64
65,test_profile_id65,[],9,"{'gender': ['male'], 'age_category': ['45 - 65'], 'interest': ['books and learning'], 'occasion': ['birthdays'], 'relationship': ['friend'], 'style': ['chill', 'comfortable yet stylish', 'minimalistic']}",test_user_id15,"['male', '45 - 65', 'books and learning', 'birthdays', 'friend', 'chill', 'comfortable yet stylish', 'minimalistic']",test_profile_id65
66,test_profile_id66,[],3,"{'gender': ['male'], 'age_category': ['under 12'], 'interest': ['books and learning', 'fashion and accessories', 'outdoor and nature'], 'occasion': [""valentine's day""], 'relationship': ['girlfriend'], 'style': ['premium brands', 'practical']}",test_user_id16,"['male', 'under 12', 'books and learning', 'fashion and accessories', 'outdoor and nature', ""valentine's day"", 'girlfriend', 'premium brands', 'practical']",test_profile_id66
67,test_profile_id67,[],6,"{'gender': ['male'], 'age_category': ['under 12'], 'interest': ['spirituality', 'tech and gadgets', 'fashion and accessories'], 'occasion': ['holidays'], 'relationship': ['girlfriend'], 'style': ['premium brands']}",test_user_id17,"['male', 'under 12', 'spirituality', 'tech and gadgets', 'fashion and accessories', 'holidays', 'girlfriend', 'premium brands']",test_profile_id67
68,test_profile_id68,[],5,"{'gender': ['female'], 'age_category': ['25 - 45'], 'interest': ['fitness and wellness', 'arts and crafts', 'pets and animal lovers'], 'occasion': ['anniversaries'], 'relationship': ['grand parent'], 'style': ['practical', 'bougie', 'premium brands']}",test_user_id18,"['female', '25 - 45', 'fitness and wellness', 'arts and crafts', 'pets and animal lovers', 'anniversaries', 'grand parent', 'practical', 'bougie', 'premium brands']",test_profile_id68
69,test_profile_id69,[],8,"{'gender': ['female'], 'age_category': ['18 - 25'], 'interest': ['sports and hobbies'], 'occasion': ['holidays'], 'relationship': ['parent'], 'style': ['minimalistic', 'classic and timeless', 'premium brands']}",test_user_id19,"['female', '18 - 25', 'sports and hobbies', 'holidays', 'parent', 'minimalistic', 'classic and timeless', 'premium brands']",test_profile_id69
70,test_profile_id70,[],7,"{'gender': ['female'], 'age_category': ['65 +'], 'interest': ['pets and animal lovers', 'art and culture', 'food and cooking'], 'occasion': ['weddings'], 'relationship': ['colleague'], 'style': ['practical', 'chill', 'minimalistic']}",test_user_id20,"['female', '65 +', 'pets and animal lovers', 'art and culture', 'food and cooking', 'weddings', 'colleague', 'practical', 'chill', 'minimalistic']",test_profile_id70
71,test_profile_id71,[],3,"{'gender': ['female'], 'age_category': ['25 - 45'], 'interest': ['home and decor', 'food and cooking'], 'occasion': ['birthdays'], 'relationship': ['parent'], 'style': ['premium brands', 'practical', 'comfortable yet stylish']}",test_user_id21,"['female', '25 - 45', 'home and decor', 'food and cooking', 'birthdays', 'parent', 'premium brands', 'practical', 'comfortable yet stylish']",test_profile_id71
72,test_profile_id72,[],7,"{'gender': ['male'], 'age_category': ['65 +'], 'interest': ['travel and adventure', 'art and culture'], 'occasion': ['apologies'], 'relationship': ['girlfriend'], 'style': ['chill', 'bougie', 'classic and timeless']}",test_user_id22,"['male', '65 +', 'travel and adventure', 'art and culture', 'apologies', 'girlfriend', 'chill', 'bougie', 'classic and timeless']",test_profile_id72
73,test_profile_id73,[],6,"{'gender': ['female'], 'age_category': ['under 12'], 'interest': ['tech and gadgets', 'outdoor and nature', 'travel and adventure'], 'occasion': ['weddings'], 'relationship': ['friend'], 'style': ['chill', 'practical', 'comfortable yet stylish']}",test_user_id23,"['female', 'under 12', 'tech and gadgets', 'outdoor and nature', 'travel and adventure', 'weddings', 'friend', 'chill', 'practical', 'comfortable yet stylish']",test_profile_id73
74,test_profile_id74,[],2,"{'gender': ['female'], 'age_category': ['18 - 25'], 'interest': ['art and culture', 'food and cooking'], 'occasion': ['get well soon'], 'relationship': ['friend'], 'style': ['classic and timeless', 'minimalistic', 'bougie']}",test_user_id24,"['female', '18 - 25', 'art and culture', 'food and cooking', 'get well soon', 'friend', 'classic and timeless', 'minimalistic', 'bougie']",test_profile_id74
75,test_profile_id75,[],2,"{'gender': ['female'], 'age_category': ['12 - 18'], 'interest': ['fashion and accessories'], 'occasion': ['retirements'], 'relationship': ['parent'], 'style': ['minimalistic', 'bougie', 'premium brands']}",test_user_id25,"['female', '12 - 18', 'fashion and accessories', 'retirements', 'parent', 'minimalistic', 'bougie', 'premium brands']",test_profile_id75
76,test_profile_id76,[],3,"{'gender': ['male'], 'age_category': ['12 - 18'], 'interest': ['travel and adventure'], 'occasion': ['thank you gifts'], 'relationship': ['girlfriend'], 'style': ['minimalistic', 'bougie']}",test_user_id26,"['male', '12 - 18', 'travel and adventure', 'thank you gifts', 'girlfriend', 'minimalistic', 'bougie']",test_profile_id76
77,test_profile_id77,[],8,"{'gender': ['male'], 'age_category': ['under 12'], 'interest': ['tech and gadgets', 'arts and crafts'], 'occasion': ['promotions and achievements'], 'relationship': ['spouse or significant other'], 'style': ['comfortable yet stylish', 'bougie']}",test_user_id27,"['male', 'under 12', 'tech and gadgets', 'arts and crafts', 'promotions and achievements', 'spouse or significant other', 'comfortable yet stylish', 'bougie']",test_profile_id77
78,test_profile_id78,[],4,"{'gender': ['female'], 'age_category': ['25 - 45'], 'interest': ['pets and animal lovers'], 'occasion': ['appreciation'], 'relationship': ['child'], 'style': ['practical', 'bougie']}",test_user_id28,"['female', '25 - 45', 'pets and animal lovers', 'appreciation', 'child', 'practical', 'bougie']",test_profile_id78
79,test_profile_id79,[],4,"{'gender': ['male'], 'age_category': ['12 - 18'], 'interest': ['music and entertainment', 'art and culture', 'fitness and wellness'], 'occasion': ['thank you gifts'], 'relationship': ['parent'], 'style': ['bougie']}",test_user_id29,"['male', '12 - 18', 'music and entertainment', 'art and culture', 'fitness and wellness', 'thank you gifts', 'parent', 'bougie']",test_profile_id79
80,test_profile_id80,[],4,"{'gender': ['male'], 'age_category': ['12 - 18'], 'interest': ['outdoor and nature', 'fashion and accessories', 'food and cooking'], 'occasion': ['birthdays'], 'relationship': ['spouse or significant other'], 'style': ['chill', 'premium brands']}",test_user_id30,"['male', '12 - 18', 'outdoor and nature', 'fashion and accessories', 'food and cooking', 'birthdays', 'spouse or significant other', 'chill', 'premium brands']",test_profile_id80
81,test_profile_id81,[],3,"{'gender': ['male'], 'age_category': ['12 - 18'], 'interest': ['art and culture', 'sports and hobbies', 'arts and crafts'], 'occasion': ['anniversaries'], 'relationship': ['spouse or significant other'], 'style': ['practical']}",test_user_id31,"['male', '12 - 18', 'art and culture', 'sports and hobbies', 'arts and crafts', 'anniversaries', 'spouse or significant other', 'practical']",test_profile_id81
82,test_profile_id82,[],7,"{'gender': ['male'], 'age_category': ['25 - 45'], 'interest': ['beauty and self-care'], 'occasion': ['housewarmings'], 'relationship': ['parent'], 'style': ['comfortable yet stylish']}",test_user_id32,"['male', '25 - 45', 'beauty and self-care', 'housewarmings', 'parent', 'comfortable yet stylish']",test_profile_id82
83,test_profile_id83,[],6,"{'gender': ['male'], 'age_category': ['25 - 45'], 'interest': ['outdoor and nature', 'arts and crafts', 'social impact and charity'], 'occasion': [""valentine's day""], 'relationship': ['parent'], 'style': ['premium brands', 'bougie']}",test_user_id33,"['male', '25 - 45', 'outdoor and nature', 'arts and crafts', 'social impact and charity', ""valentine's day"", 'parent', 'premium brands', 'bougie']",test_profile_id83
84,test_profile_id84,[],2,"{'gender': ['female'], 'age_category': ['18 - 25'], 'interest': ['pets and animal lovers', 'beauty and self-care', 'tech and gadgets'], 'occasion': ['birthdays'], 'relationship': ['friend'], 'style': ['bougie', 'minimalistic']}",test_user_id34,"['female', '18 - 25', 'pets and animal lovers', 'beauty and self-care', 'tech and gadgets', 'birthdays', 'friend', 'bougie', 'minimalistic']",test_profile_id84
85,test_profile_id85,[],7,"{'gender': ['female'], 'age_category': ['12 - 18'], 'interest': ['outdoor and nature', 'travel and adventure', 'home and decor'], 'occasion': ['weddings'], 'relationship': ['spouse or significant other'], 'style': ['classic and timeless']}",test_user_id35,"['female', '12 - 18', 'outdoor and nature', 'travel and adventure', 'home and decor', 'weddings', 'spouse or significant other', 'classic and timeless']",test_profile_id85
86,test_profile_id86,[],5,"{'gender': ['male'], 'age_category': ['25 - 45'], 'interest': ['social impact and charity'], 'occasion': ['birthdays'], 'relationship': ['friend'], 'style': ['classic and timeless']}",test_user_id36,"['male', '25 - 45', 'social impact and charity', 'birthdays', 'friend', 'classic and timeless']",test_profile_id86
87,test_profile_id87,[],8,"{'gender': ['female'], 'age_category': ['25 - 45'], 'interest': ['fashion and accessories', 'books and learning'], 'occasion': ['birthdays'], 'relationship': ['colleague'], 'style': ['classic and timeless', 'minimalistic']}",test_user_id37,"['female', '25 - 45', 'fashion and accessories', 'books and learning', 'birthdays', 'colleague', 'classic and timeless', 'minimalistic']",test_profile_id87
88,test_profile_id88,[],4,"{'gender': ['male'], 'age_category': ['25 - 45'], 'interest': ['home and decor', 'sports and hobbies'], 'occasion': ['anniversaries'], 'relationship': ['girlfriend'], 'style': ['comfortable yet stylish']}",test_user_id38,"['male', '25 - 45', 'home and decor', 'sports and hobbies', 'anniversaries', 'girlfriend', 'comfortable yet stylish']",test_profile_id88
89,test_profile_id89,[],1,"{'gender': ['female'], 'age_category': ['45 - 65'], 'interest': ['art and culture'], 'occasion': ['newborns'], 'relationship': ['parent'], 'style': ['classic and timeless']}",test_user_id39,"['female', '45 - 65', 'art and culture', 'newborns', 'parent', 'classic and timeless']",test_profile_id89
90,test_profile_id90,[],0,"{'gender': ['female'], 'age_category': ['25 - 45'], 'interest': ['food and cooking', 'travel and adventure'], 'occasion': ['promotions and achievements'], 'relationship': ['parent'], 'style': ['classic and timeless', 'practical', 'chill']}",test_user_id40,"['female', '25 - 45', 'food and cooking', 'travel and adventure', 'promotions and achievements', 'parent', 'classic and timeless', 'practical', 'chill']",test_profile_id90
91,test_profile_id91,[],3,"{'gender': ['female'], 'age_category': ['45 - 65'], 'interest': ['food and cooking', 'outdoor and nature'], 'occasion': ['weddings'], 'relationship': ['grand parent'], 'style': ['premium brands', 'chill', 'bougie']}",test_user_id41,"['female', '45 - 65', 'food and cooking', 'outdoor and nature', 'weddings', 'grand parent', 'premium brands', 'chill', 'bougie']",test_profile_id91
92,test_profile_id92,[],8,"{'gender': ['male'], 'age_category': ['45 - 65'], 'interest': ['pets and animal lovers'], 'occasion': ['retirements'], 'relationship': ['colleague'], 'style': ['comfortable yet stylish', 'practical', 'minimalistic']}",test_user_id42,"['male', '45 - 65', 'pets and animal lovers', 'retirements', 'colleague', 'comfortable yet stylish', 'practical', 'minimalistic']",test_profile_id92
93,test_profile_id93,[],2,"{'gender': ['female'], 'age_category': ['18 - 25'], 'interest': ['art and culture', 'food and cooking'], 'occasion': ['graduations'], 'relationship': ['spouse or significant other'], 'style': ['classic and timeless', 'practical', 'comfortable yet stylish']}",test_user_id43,"['female', '18 - 25', 'art and culture', 'food and cooking', 'graduations', 'spouse or significant other', 'classic and timeless', 'practical', 'comfortable yet stylish']",test_profile_id93
94,test_profile_id94,[],2,"{'gender': ['female'], 'age_category': ['45 - 65'], 'interest': ['pets and animal lovers', 'sports and hobbies'], 'occasion': ['birthdays'], 'relationship': ['friend'], 'style': ['premium brands', 'bougie', 'minimalistic']}",test_user_id44,"['female', '45 - 65', 'pets and animal lovers', 'sports and hobbies', 'birthdays', 'friend', 'premium brands', 'bougie', 'minimalistic']",test_profile_id94
95,test_profile_id95,[],0,"{'gender': ['female'], 'age_category': ['45 - 65'], 'interest': ['pets and animal lovers'], 'occasion': ['apologies'], 'relationship': ['spouse or significant other'], 'style': ['bougie', 'practical', 'minimalistic']}",test_user_id45,"['female', '45 - 65', 'pets and animal lovers', 'apologies', 'spouse or significant other', 'bougie', 'practical', 'minimalistic']",test_profile_id95
96,test_profile_id96,[],4,"{'gender': ['female'], 'age_category': ['25 - 45'], 'interest': ['pets and animal lovers', 'social impact and charity'], 'occasion': ['housewarmings'], 'relationship': ['parent'], 'style': ['classic and timeless', 'chill']}",test_user_id46,"['female', '25 - 45', 'pets and animal lovers', 'social impact and charity', 'housewarmings', 'parent', 'classic and timeless', 'chill']",test_profile_id96
97,test_profile_id97,[],0,"{'gender': ['female'], 'age_category': ['65 +'], 'interest': ['social impact and charity', 'outdoor and nature'], 'occasion': ['appreciation'], 'relationship': ['child'], 'style': ['practical', 'chill', 'bougie']}",test_user_id47,"['female', '65 +', 'social impact and charity', 'outdoor and nature', 'appreciation', 'child', 'practical', 'chill', 'bougie']",test_profile_id97
98,test_profile_id98,[],3,"{'gender': ['female'], 'age_category': ['18 - 25'], 'interest': ['books and learning', 'fitness and wellness', 'outdoor and nature'], 'occasion': ['retirements'], 'relationship': ['child'], 'style': ['classic and timeless', 'bougie']}",test_user_id48,"['female', '18 - 25', 'books and learning', 'fitness and wellness', 'outdoor and nature', 'retirements', 'child', 'classic and timeless', 'bougie']",test_profile_id98
99,test_profile_id99,[],8,"{'gender': ['male'], 'age_category': ['18 - 25'], 'interest': ['sports and hobbies'], 'occasion': ['promotions and achievements'], 'relationship': ['girlfriend'], 'style': ['classic and timeless', 'chill']}",test_user_id49,"['male', '18 - 25', 'sports and hobbies', 'promotions and achievements', 'girlfriend', 'classic and timeless', 'chill']",test_profile_id99
